<?xml version="1.0" encoding="utf-8" standalone="yes" ?>
<T3locallangExt>
	<data type="array">
		<languageKey index="de" type="array">
			<label index=".description">Flexibles Nachrichtensystem für TYPO3</label>
			<label index=".details">Normalerweise werden Einträge auf der Startseite ihrer Web-Site angezeigt und sind mit einem Link auf den Volltext des Eintrags versehen. Sie können aber auch Links Seiten innerhalb und außerhalb der Web-Site darstellen.</label>
			<label index="title.description">Geben Sie eine Überschrift für den tt_news-Eintrag ein.</label>
			<label index="title.details">Mit dem hier eingegebenen Wert wird die Markierung ###NEWS_TITLE### in der HTML-Vorlage ersetzt. Ist &quot;substitutePageTitle&quot; in der TS-Konfiguration aktiviert, wird der Titel der Seite mit der Einzelansicht des Nachrichteneintrags durch diesen Titel ersetzt. (Auch in der Trefferliste der indexierten Suche wird der Titel des Nachrichteneintrags angezeigt.)</label>
			<label index="type.description">Hier kann der Typ des Eintrags festgelegt werden (normaler Eintrag, Link auf interne Seite, Link auf externe Seite).</label>
			<label index="type.details">Mögliche Typen sind:
- Nachricht: Wird für normale Nachrichteneinträge verwendet. Nur diese Einträge besitzen einen Link zur Einzelansicht.
- Link auf externe Seite: Diese Einträge werden nur in Listenansichten angezeigt (LIST und LATEST). Die Links dieser Einträge zeigen direkt auf die im Feld &quot;Externe URL&quot; eingegebene URL.
- Link auf interne Seite: Auch diese Einträge werden nur in Listenansichten angezeigt (list, latest, search). Das Ziel für diese Links wird global im Konstanten-Editor festgelegt (Erweitert-&gt;Ziel für interne Links).</label>
			<label index="hidden.description">Verwenden Sie diese Option, um diesen Eintrag temporär zu verbergen.</label>
			<label index="hidden.details">Diese Option ist beim Bearbeiten eines neuen Nachrichteneintrags nützlich. Ist sie aktiviert, wird der Eintrag nicht angezeigt, es sei denn, man aktiviert die Option Vorschau&gt;Verborgene Datensätze anzeigen im Admin-Panel - sofern man als Backend-Benutzer angemeldet ist.</label>
			<label index="starttime.description">Die &quot;Start&quot;-Zeit legt das Datum fest, ab dem der Eintrag sichtbar sein soll.</label>
			<label index="endtime.description">Die &quot;Stopp&quot;-Zeit legt das Datum fest, bis zu dem der Eintrag sichtbar sein soll.</label>
			<label index="editlock.description">Ist diese Option aktiviert, können Benutzer ohne Administratorstatus den Eintrag nicht mehr öffnen.</label>
			<label index="fe_group.description">Ist unter &quot;Zugriff&quot; ein Benutzergruppenname festgelegt, so können nur angemeldete Web-Site-Benutzer, die Mitglied dieser Gruppe sind, den Eintrag lesen. Die besondere Option &quot;Nach Anmeldung verstecken&quot; bedeutet, dass der Eintrag &lt;em&gt;nicht&lt;/em&gt; für angemeldete Benutzer sichtbar ist. Entsprechend sorgt &quot;Anzeigen, wenn angemeldet&quot; dafür, dass der Eintrag für alle im Frontend angemeldeten Benutzer sichtbar ist.</label>
			<label index="datetime.description">Der hier eingegebene Wert wird als Datum und/oder Zeit im Eintrag angezeigt.</label>
			<label index="datetime.details">Der Wert dieses Feldes hat verschiedene Auswirkungen:

- Nachrichteneinträge in Listen und im Archivmenü werden standardmäßig nach diesem Feld sortiert.
- Ist ein Wert für &quot;datetimeDaysToArchive&quot; gesetzt, so wird dieser Wert zum Feld datetime hinzugefügt und als Archivdatum behandelt. (Siehe Abschnitt &quot;Das Archiv&quot; im tt_news-Handbuch).
- Der Wert in diesem Feld wird in der HTML-Vorlage für die Markierungen ###NEWS_DATE###, ###NEWS_TIME### und ###NEWS_AGE### benutzt (alle über die stdWrap-Funktion &quot;strftime&quot; verarbeitet).

Bei neuen Einträgen wird automatisch die aktuelle Zeit unter datetime eingetragen.</label>
			<label index="archivedate.description">Das in diesem Feld eingegebene Datum bestimmt, ob der Eintrag als &quot;archiviert&quot; behandelt wird oder nicht.</label>
			<label index="archivedate.details">Weist archivdate einen Wert auf, der in der Vergangenheit liegt, wird der Eintrag nur noch in Listen angezeigt, die archivierte Einträge anzeigen. Damit verschwindet er natürlich aus allen Listen, die keine archivierten Einträge anzeigen.</label>
			<label index="sys_language_uid.description">Die Sprache, in der dieser Eintrag verfasst ist.</label>
			<label index="sys_language_uid.details">Falls es sich nicht um eine Übersetzung eines anderen Eintrags handelt, sollte dies die Standardsprache sein.</label>
			<label index="l18n_parent.description">Der ursprüngliche Eintrag in der Standardsprache, dessen Übersetzung der aktuelle Eintrag ist.</label>
			<label index="l18n_parent.details">Dieses Feld sollte nicht manuell geändert werden, da es durch das TYPO3-Lokalisierungssystem verwaltet wird.</label>
			<label index="author.description">Der Verfasser dieses Eintrags.</label>
			<label index="author.details">Mit dem hier eingegebenen Wert wird in der HTML-Vorlage die Markierung ###NEWS_AUTHOR### ersetzt. In der Standard-TS-Konfiguration wird der Name des Verfassers mit seiner E-Mail-Adresse verlinkt.</label>
			<label index="t3ver_label.description">Die Versionierungskennung dieses Eintrags.</label>
			<label index="t3ver_label.details">Dieses Feld kann im Modul Versionierung oder Arbeitsumgebung bearbeitet werden. Es wird nur angezeigt, wenn es einen Wert hat.</label>
			<label index="author_email.description">Die E-Mail-Adresse des Verfassers des Eintrags.</label>
			<label index="author_email.details">Mit der Standard-TS-Konfiguration wird der Wert dieses Feldes als Typolink-Parameter für den Namen des Verfassers benutzt (wenn es eine gültige E-Mail-Adresse ist). Mit dem hier eingegebenen Wert wird in der HTML-Vorlage die Markierung ###NEWS_EMAIL### ersetzt.</label>
			<label index="short.description">Der Antext des Eintrags.</label>
			<label index="short.details">Mit dem hier eingegebenen Wert wird in der HTML-Vorlage die Markierung ###NEWS_SUBHEADER### ersetzt. Ist dieses Feld leer, wird stattdessen der Wert des Feldes &quot;Text&quot; verwendet.
Der Inhalt des Antextes wird außerdem in ein TypoScript-Register (&quot;newsSubHeader&quot;) geschrieben, das man benutzen kann, um den Antext als &quot;&lt;meta&gt;-Beschreibung&quot; im HTML-Kopf der Seite zu verwenden (erfordert Plug-In &quot;metatags&quot;).</label>
			<label index="bodytext.description">Der Haupttext des Eintrags.</label>
			<label index="bodytext.details">Beim Typ &quot;Nachricht&quot; wird zum Bearbeiten dieses Feldes der Rich-Text-Editor (RTE) benutzt, sofern es vom Browser unterstützt wird und der RTE für das System aktiviert wurde. Beachten Sie, dass der Inhalt vor dem Speichern in der Datenbank &quot;gesäubert&quot; wird.
Der Inhalt dieses Feldes ersetzt in der HTML-Vorlage die Markierung ###NEWS_CONTENT###.

In der Einzelansicht kann der Inhalt des Feldes &quot;Text&quot; auf mehrere Seiten aufgeteilt werden, die über einen Seiten-Browser erreichbar sind.</label>
			<label index="keywords.description">Hier können Schlüsselwörter eingegeben werden, die dann im HTML-Kopf der Seite als &lt;meta&gt;-Schlüsselwörter eingefügt werden (erfordert Plug-In &quot;metatags&quot;).</label>
			<label index="keywords.details">Der Inhalt dieses Feldes wird in einem TypoScript-Register (&quot;newsKeywords&quot;) gespeichert, welches dazu verwendet werden kann, die Schlüsselwörter als &quot;&lt;meta&gt;-Schlüsselwörter&quot; im HTML-Kopf der Seite einzufügen (erfordert Plug-In &quot;metatags&quot;).
Wird das Feld nicht für &quot;&lt;meta&gt;-Schlüsselwörter&quot; benötigt, so kann es auch als zweites Antextfeld verwendet werden. Mit seinem Inhalt wird in der HTML-Vorlage die Markierung ###NEWS_KEYWORDS### ersetzt.</label>
			<label index="no_auto_pb.description">Mit dieser Option kann für diesen Eintrag das automatische Einfügen von Seitenumbrüchen deaktiviert werden.</label>
			<label index="no_auto_pb.details">In der Detailansicht können automatisch Seitenumbrüche eingefügt werden (sofern in der TS-Konfiguration ein Wert für &quot;maxWordsInSingleView&quot; gesetzt ist). Ist dies beim aktuellen Eintrag nicht gewünscht, kann es hier deaktiviert werden.</label>
			<label index="category.description">Hier können dem aktuellen Eintrag Kategorien zugewiesen werden (sofern es sich nicht um eine Übersetzung eines anderen Datensatzes handelt).</label>
			<label index="category.details">Nachrichteneinträgen, die keine Übersetzung anderer Einträge sind, können Kategorien zugewiesen werden. Dies ermöglicht es, Nachrichteneinträge anhand ihrer Kategorien und Unterkategorien zur Anzeige auszuwählen. Ein Eintrag kann zu mehreren Kategorien gehören.
Handelt es sich beim aktuellen Eintrag um eine Übersetzung (sie besitzt einen Ursprungstext und eine Sprache, die vom Standard abweicht), können die Kategorien nicht bearbeitet werden, und sie werden nur aufgeführt.

Kategorien können übergeordnete Kategorien besitzen. Beispielsweise ist bei der Kategorie &quot;Frontend plugins&quot; in der Abbildung unten die Kategorie &quot;Extensions&quot; als &quot;Übergeordnete Kategorie&quot; ausgewählt - also ist &quot;FrontEnd plugins&quot; eine Unterkategorie von &quot;Extensions&quot;. Dies hat zur Folge, dass der Beispieleintrag mit der Kategorie &quot;FrontEnd plugins&quot; auch in Listen angezeigt wird, die nur die Kategorie &quot;Extensions&quot; anzeigen.
Mit dem Symbol &quot;+&quot; neben dem Kategoriebaum können direkt von hier neue Kategorien erstellt werden.

Die Titel der zugewiesenen Kategorien ersetzen in der HTML-Vorlage die Markierung ###NEWS_CATEGORY###, die Kategoriebilder werden statt ###NEWS_CATEGORY_IMAGE### angezeigt.

&lt;strong&gt;Hinweis:&lt;/strong&gt;
Die Verwendung der Unterkategorien muss in der TypoScript-Konfiguration aktiviert werden:
&lt;em&gt;plugin.tt_news.useSubCategories = 1&lt;/em&gt;

&lt;strong&gt;Bearbeitungsrechte über zugewiesene Kategorien kontrollieren:&lt;/strong&gt;
Es ist möglich, die Bearbeitungsrechte für Nachrichteneinträge über zugewiesene Kategorien zu kontrollieren. Ist diese Funktion aktiviert, kann ein Backend-Benutzer nur Einträge bearbeiten, die Kategorien zugewiesen wurden, die zu den für den Backend-Benutzer erlaubten Kategorien gehören. Führt ein Backend-Benutzer irgendeine Aktion (verschieben, löschen, verbergen, lokalisieren, kopieren, Version, bearbeiten) für einen Eintrag durch, der nicht-erlaubten Kategorien zugewiesen wurde, wird eine Fehlermeldung angezeigt und die Aktion ignoriert. Eine weitere Nachricht wird oberhalb der Felder &quot;Titel&quot; und &quot;Kategorie&quot; angezeigt. Nicht auswählbare Kategorien werden ausgegraut und nicht verlinkt. Siehe Abbildung unten.

Die Größe der beiden Felder für die Kategorieauswahl kann mit Hilfe des Erweiterungs-Managers festgelegt werden.</label>
			<label index="category.image_descr">das Feld &quot;Kategorie&quot; im Nachrichteneintrag.
Öffnet ein Backend-Benutzer einen Eintrag, dem eine nicht-erlaubte Kategoriezugewiesen ist, wird diese Nachricht angezeigt.</label>
			<label index="image.description">Hier können im Eintrag anzuzeigende Bilder zugewiesen werden.</label>
			<label index="image.details">Alle hier zugewiesenen Bilder werden statt der Vorlagenmarkierung ###NEWS_IMAGE### dargestellt. Die Bilder werden in den Ordner uploads/pics/ hochgeladen bzw. kopiert.
Die Anzahl der in den jeweiligen Ansicht (single, list, latest) angezeigten Bilder lässt sich über die TS-Eigenschaft &quot;imageCount&quot; festlegen.</label>
			<label index="imagecaption.description">Die unterhalb des Bildes/der Bilder anzuzeigende Erläuterung.</label>
			<label index="imagecaption.details">Das Feld wird durch Zeilenumbrüche geteilt.</label>
			<label index="imagealttext.description">Der hier eingegebene Text wird dem HTML-Tag des Bildes als Attribut &quot;alt&quot; hinzugefügt.</label>
			<label index="imagealttext.details">Das Feld wird durch Zeilenumbrüche geteilt.</label>
			<label index="imagetitletext.description">Der hier eingegebene Text wird dem HTML-Tag des Bildes als Attribut &quot;title&quot; hinzugefügt.</label>
			<label index="imagetitletext.details">Das Feld wird durch Zeilenumbrüche geteilt.</label>
			<label index="links.description">Hier eingegebene Links werden in der Detailansicht unterhalb des Haupttextes angezeigt.</label>
			<label index="links.details">Das Feld wird über die stdWrap-Funktion &quot;parseFunc&quot; verarbeitet, daher können Links als Typolink eingegeben werden.
Beispiel: &lt;em&gt;&amp;lt;LINK http://typo3.org _blank&amp;gt;open typo3.org&amp;lt;/LINK&amp;gt;&lt;/em&gt;</label>
			<label index="related.description">Verwandte Einträge oder Seiten.</label>
			<label index="related.details">In diesem Feld können Nachrichteneinträge und Seiten ausgewählt werden, die dann als verwandte Nachrichten angezeigt werden. Verwandte Nachrichten vom Typ &quot;Nachricht&quot; zeigen auf die Einzelansicht des verwandten Eintrags. Solche der Typen &quot;Externe URL&quot; oder &quot;Interner Link&quot; zeigen auf die im jeweiligen Eintrag gespeicherte URL oder Seiten-ID.

tt_news kann so konfiguriert werden, dass automatisch ein Link einfügt wird, der vom verwandten Eintrag zurück zu diesem führt. Um diese bilaterale Beziehung zu aktivieren, muss &quot;useBidirectionalRelations&quot; im Konstanten-Editor ober über TS auf 1 gesetzt werden.</label>
			<label index="news_files.description">Hier können dem Eintrag Dateien zugeordnet werden.</label>
			<label index="news_files.details">Die Anzeige der zugeordneten Dateien erfolgt über die stdWrap-Funktion &quot;filelink&quot;. Beispiel siehe Standard-TS-Konfiguration.</label>
		</languageKey>
	</data>
	<orig_hash type="array">
		<languageKey index="de" type="array">
			<label index=".description" type="integer">175288138</label>
			<label index=".details" type="integer">202181729</label>
			<label index="title.description" type="integer">56318264</label>
			<label index="type.description" type="integer">149265505</label>
			<label index="hidden.description" type="integer">6132646</label>
			<label index="starttime.description" type="integer">24586625</label>
			<label index="endtime.description" type="integer">130304282</label>
			<label index="editlock.description" type="integer">215647851</label>
			<label index="datetime.description" type="integer">47151714</label>
			<label index="archivedate.description" type="integer">172799812</label>
			<label index="sys_language_uid.description" type="integer">165373654</label>
			<label index="sys_language_uid.details" type="integer">74726112</label>
			<label index="l18n_parent.description" type="integer">137796876</label>
			<label index="l18n_parent.details" type="integer">110456952</label>
			<label index="author.description" type="integer">121595033</label>
			<label index="t3ver_label.description" type="integer">230424280</label>
			<label index="t3ver_label.details" type="integer">47443713</label>
			<label index="author_email.description" type="integer">221235019</label>
			<label index="short.description" type="integer">221863442</label>
			<label index="bodytext.description" type="integer">138969162</label>
			<label index="no_auto_pb.description" type="integer">140470210</label>
			<label index="no_auto_pb.details" type="integer">149670211</label>
			<label index="category.description" type="integer">202103109</label>
			<label index="image.description" type="integer">164360171</label>
			<label index="imagecaption.description" type="integer">75144587</label>
			<label index="imagecaption.details" type="integer">265539770</label>
			<label index="imagealttext.description" type="integer">218565992</label>
			<label index="imagealttext.details" type="integer">265539770</label>
			<label index="imagetitletext.description" type="integer">54171941</label>
			<label index="imagetitletext.details" type="integer">265539770</label>
			<label index="links.description" type="integer">30750913</label>
			<label index="links.details" type="integer">95884505</label>
			<label index="related.description" type="integer">14923382</label>
			<label index="news_files.description" type="integer">22096386</label>
			<label index="news_files.details" type="integer">190461475</label>
			<label index="title.details" type="integer">22231131</label>
			<label index="type.details" type="integer">82927742</label>
			<label index="hidden.details" type="integer">223516146</label>
			<label index="fe_group.description" type="integer">156697366</label>
			<label index="datetime.details" type="integer">76934079</label>
			<label index="archivedate.details" type="integer">230982094</label>
			<label index="author.details" type="integer">75819042</label>
			<label index="author_email.details" type="integer">87660660</label>
			<label index="short.details" type="integer">208233905</label>
			<label index="bodytext.details" type="integer">40946248</label>
			<label index="keywords.description" type="integer">198346701</label>
			<label index="keywords.details" type="integer">245660226</label>
			<label index="image.details" type="integer">103102892</label>
			<label index="related.details" type="integer">142131449</label>
			<label index="category.details" type="integer">130215619</label>
			<label index="category.image_descr" type="integer">126622122</label>
		</languageKey>
	</orig_hash>
	<orig_text type="array">
		<languageKey index="de" type="array">
			<label index=".description">Versatile news system for TYPO3.</label>
			<label index=".details">&quot;News&quot; items are typically those which goes on your frontpage on the websites and allows you to link down to a page with the full story (the &quot;single view&quot;). They may also represent links to internal pages in the system or links to external pages.</label>
			<label index="title.description">Enter a headline for the tt_news db-record.</label>
			<label index="type.description">Here you can define the &quot;type&quot; of the newsitem (normal news article, link to internal page, link to external page).</label>
			<label index="hidden.description">Use this to temporarily exclude this tt_news db-record from display.</label>
			<label index="starttime.description">The &quot;Start&quot; time determines the date from which the tt_news db-record will be available online.</label>
			<label index="endtime.description">The &quot;End&quot; time determines the date from which the tt_news db-record will NOT be available online anymore.</label>
			<label index="editlock.description">If this is enabled non-admin users can't open the record anymore.</label>
			<label index="datetime.description">The value entered here will be shown as date and/or time in news articles.</label>
			<label index="archivedate.description">The date entered in this field will determine if news are handled as &quot;archived&quot; or not.</label>
			<label index="sys_language_uid.description">The language of the news record.</label>
			<label index="sys_language_uid.details">This should be the default language unless this record is a translation of another record.</label>
			<label index="l18n_parent.description">The news record in the default language where the current record is a translation from.</label>
			<label index="l18n_parent.details">You should not change this field manually because it is handled by the TYPO3 localization system.</label>
			<label index="author.description">The author of the news record.</label>
			<label index="t3ver_label.description">The versioning label of this record.</label>
			<label index="t3ver_label.details">You can edit this field in the versioning module or in the workspaces module. This field appears only if it has a value.</label>
			<label index="author_email.description">The email address of the news author.</label>
			<label index="short.description">A short teaser text for the news article.</label>
			<label index="bodytext.description">This is the main text for the news article.</label>
			<label index="no_auto_pb.description">Here you can disable &quot;automatic pagebreaks&quot; for this record.</label>
			<label index="no_auto_pb.details">Pagebreaks can be inserted automatically in the single view (if a value for &quot;maxWordsInSIngleView&quot; is set in TS setup). If this is not wanted for the current news article you can disable it here.</label>
			<label index="category.description">Here you can assign categories to the current news record (if this record is no translation of another record).</label>
			<label index="image.description">Here you can assign images that will be shown in the news record.</label>
			<label index="imagecaption.description">The caption which is shown under the image(s).</label>
			<label index="imagecaption.details">The field will be split by linebreaks.</label>
			<label index="imagealttext.description">The text entered here will be inserted as &quot;alt&quot; attribure of the image HTML-tag.</label>
			<label index="imagealttext.details">The field will be split by linebreaks.</label>
			<label index="imagetitletext.description">The text entered here will be inserted as &quot;title&quot; attribure of the image HTML-tag.</label>
			<label index="imagetitletext.details">The field will be split by linebreaks.</label>
			<label index="links.description">The links that are inserted here will be displayed under the &quot;bodytext&quot; in the news single view.</label>
			<label index="links.details">This field is parsed through the stdWrap function &quot;parseFunc&quot; so it will be possible to enter links as typolink.
F.e.: &lt;em&gt;&amp;lt;LINK http://typo3.org _blank&amp;gt;open typo3.org&amp;lt;/LINK&amp;gt;&lt;/em&gt;</label>
			<label index="related.description">Related news articles or pages.</label>
			<label index="news_files.description">Here you can attach files to a news record.</label>
			<label index="news_files.details">The atached files will be rendered through the stdWrap function &quot;filelink&quot;. See default TS setup for an example.</label>
			<label index="title.details">The value inserted here will substitute the marker ###NEWS_TITLE### in the html template. If &quot;substitutePageTitle&quot; is enabled in TS setup the title of the page with the single view on it will be set to the title of the news article (the title of the indexed search result will also show the title of the news article).</label>
			<label index="type.details">Possible types are:
- News: This type is used for normal news articles. Only these news will have a link to a SINGLE view.
- Link External page: These news records are only showing in list views (= LIST and LATEST). The links from these news records will point directly to the URL which is configured in the field &quot;External URL&quot;.
- Link internal page: This news records are also showing only in lists (list, latest, search). The target for these links is configured globally in the Constant editor (advanced-&gt;target for internal links).</label>
			<label index="hidden.details">Setting this option is practical while editing a new tt_news db-record. When it is set, the newsitem will not be displayed unless you - if you're logged in as backend user - enable the Admin Panel&amp;gt;Preview&amp;gt;Show hidden records option.</label>
			<label index="fe_group.description">If &quot;Access&quot; is set to a usergroup name, only website users which are members of the selected usergroup will be able to view the news article when they are logged in. The special option &quot;Hide at login&quot; means the news article will &amp;lt;em&amp;gt;not&amp;lt;/em&amp;gt; be visible for website users that are logged in. Likewise &amp;quot;Show at login&amp;quot; will make the news article visible for any logged in frontend user.</label>
			<label index="datetime.details">The value of this field affects several things:

- newsitems in lists and in the archivemenu are ordered by this field by default.
- if a value for &quot;datetimeDaysToArchive&quot; is set, this value is added to the value of the datetime field and handled as archivedate. (see section &quot;The archive&quot; in the tt_news manual)
- the value of these field is taken for the html-template markers ###NEWS_DATE###, ###NEWS_TIME### and ###NEWS_AGE###. (all parsed through the stdWrap function &quot;strftime&quot;)
For new created records the current time is automatically inserted as datetime.</label>
			<label index="archivedate.details">If archivedate shows a value in the past, the news record will be shown in lists showing only archived news. Of course it will disappear from lists showing only non-archived news.</label>
			<label index="author.details">The value of this field will substitute the html-template marker ###NEWS_AUTHOR###. In the default TS setup the author name will be linked to the author's email address.</label>
			<label index="author_email.details">In the default TS setup the value of this field will be taken as typolink parameter for the author name (if it is a valid email address). The value of this field will substitute the html-template marker ###NEWS_EMAIL###.</label>
			<label index="short.details">The value of this field will substitute the html-template marker ###NEWS_SUBHEADER###. If this field is empty the value of the field &quot;Text&quot; is taken instead.
The conten of subheader is also written to a TypoScript register (&quot;newsSubheader&quot;) which can be used to insert the subheader as &quot;&amp;lt;meta&amp;gt; description&quot; to the page header (plugin &quot;metatags&quot; required)</label>
			<label index="bodytext.details">With the type &quot;news&quot; the Rich Text editor (RTE) is used for editing this field (if your browser supports it and a RTE is generally enabled in the system). Be aware that the content is &quot;cleaned&quot; before it goes into the database.
The content of this field will substite the html-template marker ###NEWS_CONTENT###.

In the news &quot;single view&quot; the content of the field &quot;Text&quot; can be divided to multiple pages with a pagebrowser.</label>
			<label index="keywords.description">Here you can enter some keywords that will be inserted as &amp;lt;meta&amp;gt; keywords in the page header (plugin &quot;metatags&quot; required).</label>
			<label index="keywords.details">The content of this field is written to a TypoScript register (&quot;newsKeywords&quot;) which can be used to insert the keywords as &quot;&amp;lt;meta&amp;gt; keywords&quot; to the page header (plugin &quot;metatags&quot; required).
If you don't need this field for &quot;&amp;lt;meta&amp;gt; keywords&quot; you can use it as a second &quot;subheader&quot; field (it will substitute the template marker ###NEWS_KEYWORDS###).</label>
			<label index="image.details">All assigned images will be rendered to the template marker ###NEWS_IMAGE###.
The images will be uploaded/copied to the folder uploads/pics/.
The amount of images that are shown in a certain view (single,list,latest) can be controlled with the TS property &quot;imageCount&quot;.</label>
			<label index="related.details">In this field you can select news records or pages that will be displayed as related news. Related news with type &quot;news&quot; will point to the single view of the related news item. Related news with type &quot;External URL&quot; or &quot;internal Link&quot; will point to the url or page id that is inserted in the newsrecord. Related pages will be handled as news with type link to internal pages.

tt_news can be configured to insert the link which points back from the related record to this record automatically. To enable this &quot;bi-directional relations&quot; set &quot;useBidirectionalRelations&quot; to 1 in  the constant editor or by TS.</label>
			<label index="category.details">You can assign categories to news records that are not translations of other records. That allows you to select newsitems for display by their assigned categories or subcategories. A tt_news record can be member of multiple categories.
If the current record is a translation (if it has a &quot;translation original&quot; and a non-default syslanguage) the categories are not editable, they will only be listed in the tt_news form.

Categories can have parent categories. F.e the category &quot;FrontEnd plugins&quot; in the screenshot below does have category &quot;Extensions&quot; selected as &quot;parent category&quot;, so &quot;FrontEnd plugins&quot; is a subcategory of &quot;Extensions&quot;. That has the result, that the record in this example which has category &quot;FrontEnd plugins&quot; will also appear in a list that shows only category &quot;Extensions&quot;.
With &quot;+&quot; icon next to the categoy tree it's possible to create categories directly from the news record.

The titles of the assigned categories will substite the html-template marker ###NEWS_CATEGORY###, the category images will be written to the marker ###NEWS_CATEGORY_IMAGE###.

&lt;strong&gt;Note:&lt;/strong&gt;
The use of subcategories has to be enabled in the TypoScript setup:
&lt;em&gt;
plugin.tt_news.useSubCategories = 1&lt;/em&gt;

&lt;strong&gt;Controlling editing permissions with assigned categories:&lt;/strong&gt;
It's possible to control the editing permissions of news records with the assigned categories. If this feature is enabled a BE user can only change news records that have categories assigned that are defined in the list of allowed categories for this BE-user. If a BE-user performs any action (move,delete,hide,localize,copy,version,modify) with a record that has non-allowed categories assigned an error message will be displayed and the action will be ignored. Another message will be displayed in the news record above the fields &quot;Title&quot; and &quot;Category&quot;. Non-selectable categories will be displayed in grey text and not linked. See second screenshot below.

The size of both fields for the category selection can be configured in the extension manager.
</label>
			<label index="category.image_descr">the field &quot;Category&quot; in the tt_news db-record.
		If a BE-user opens a record that has non-allowed categories assigned this message will be displayed.</label>
		</languageKey>
	</orig_text>
</T3locallangExt>