<?xml version="1.0" encoding="utf-8" standalone="yes" ?>
<T3locallangExt>
	<data type="array">
		<languageKey index="de" type="array">
			<label index="tt_news_categorymounts.description">Hier können dem aktuellen Eintrag Kategorien zugewiesen werden (sofern dieser Eintrag keine Übersetzung eines anderen ist).</label>
			<label index="tt_news_categorymounts.details">Sie können Artikel Kategorien zuweisen, bei denen es sich nicht um Übersetzungen des</label>
			<label index="tt_news_categorymounts.image_descr">Feldes &quot;Kategorie&quot; im tt_news-Datenbankdatensatz handelt.
Öffnet ein BE-Benutzer einen Datensatz, dem nicht erlaubte Kategorien zugewiesen sind, erscheint diese Nachricht.</label>
		</languageKey>
	</data>
	<orig_hash type="array">
		<languageKey index="de" type="array">
			<label index=".description" type="integer">175288138</label>
			<label index=".details" type="integer">202181729</label>
			<label index="tt_news_categorymounts.description" type="integer">202103109</label>
			<label index="tt_news_categorymounts.details" type="integer">133268995</label>
			<label index="tt_news_categorymounts.image_descr" type="integer">126622122</label>
		</languageKey>
	</orig_hash>
	<orig_text type="array">
		<languageKey index="de" type="array">
			<label index="tt_news_categorymounts.description">Here you can assign categories to the current news record (if this record is no translation of another record).</label>
			<label index="tt_news_categorymounts.details">You can assign categories to news records that are not translations of</label>
			<label index="tt_news_categorymounts.image_descr">the field &quot;Category&quot; in the tt_news db-record.
		If a BE-user opens a record that has non-allowed categories assigned this message will be displayed.</label>
		</languageKey>
	</orig_text>
</T3locallangExt>