<?xml version="1.0" encoding="utf-8" standalone="yes" ?>
<T3locallangExt>
	<data type="array">
		<languageKey index="de" type="array">
			<label index=".description">Das Nachrichtensystem erlaubt es dem Benutzer, Nachrichten Kategorien zuzuordnen. Dadurch wird eine bessere Übersichlichkeit der Einträge gewährleistet.</label>
			<label index="title.description">Der Name der Kategorie in der Standardsprache. Der Name kann als Verweis zu einer bestimmten Seite oder als Kategorieauswahl verwendet werden (Konfiguration über &quot;categoryMode&quot;).</label>
			<label index="title.details">Die Anzeige des Kategorietitels auf der Web-Site wird im tt_news-Inhaltselement (Reiter Kategorieeinstellungen) oder über TypoScript (&quot;categoryMode&quot;) angepaßt. Die Titel für weitere Sprachen werden im Feld &quot;Titelübersetzungen&quot; eingegeben.

Die Kategorietitel und -bilder können als Verweis auf eine Seite oder als Kategoriewähler agieren, d.h. dass der Inhalt der Nachrichtenliste nach Kategoriezugehörigkeit gefiltert wird. Die Filterung nach Kategorie arbeitet auch rekursiv für Unterkategorien.</label>
			<label index="title_lang_ol.description">Im Feld &quot;Titelübersetzungen&quot; können Kategorietitel für weitere Sprachen eingegeben werden.</label>
			<label index="title_lang_ol.details">Ist mehr als eine zusätzliche Web-Site-Sprache vorhanden, können die Titel durch das Zeichen &quot;|&quot; getrennt werden.

&lt;strong&gt;Beispiel&lt;/strong&gt;
Angenommen, eine Web-Site läge in drei Sprachen (en, de, fr) vor. Dann müsste der Kategorietitel für die Standardsprache in das Feld &quot;Titel&quot; eingetragen werden. Die Titel für Deutsch und Französisch würden in das Feld &quot;Titelübersetzungen&quot; eingetragen, wie in der Abbildung unten.</label>
			<label index="title_lang_ol.image_descr">Die Reihenfolge der Titelübersetzungen muss derjenigen der Systemsprachen entsprechen.
In diesem Beispiel: Englisch=0, Deutsch=1, Französisch=2</label>
			<label index="parent_category.description">Weist die aktuelle Kategorie der Kategorie in diesem Feld als Unterkategorie zu.</label>
			<label index="parent_category.details">Mit Hilfe des Feldes &quot;übergeordnete Kategorie&quot; lässt sich die aktuelle Kategorie als Unterkategorie der hier ausgewählten Kategorie festlegen. Diese Auswahl wirkt sich sowohl auf die aktuelle Kategorie als auch auf alle Einträge aus, die dieser Kategorie zugewiesen wurden. Der Vorgang ist rekursiv.
Eine neue übergeordnete Kategorie kann für die aktuelle Kategorie auch direkt über den Assistenten &quot;Hinzufügen&quot; erstellt werden (die Schaltfläche &quot;+&quot;).
Einige Kategorien des Baumes sind ausgegraut und können nicht ausgewählt werden: Die aktuelle Kategorie kann nie ausgewählt werden. Darüber hinaus können über die Benutzer-TSconfig einer Backend-Gruppe Kategorien nur für bestimmte Gruppen zugänglich gemacht werden (z.B. tt_newsPerms.tt_news_cat.allowedItems = 7,8,9). Alle Kategorien, die sich nicht in dieser Liste befinden, können dann nicht von Mitgliedern dieser Gruppe ausgewählt werden.

&lt;strong&gt;Rekursive Kategorien:&lt;/strong&gt;
Es kann vorkommen, dass verschachtelte Kategorien zu einer Endlosschleife führen. Rekursive Kategorien werden nicht im Kategoriebaum angezeigt. Sollte die aktuelle Kategorie Teil einer solchen Schleife sein, wird dies von tt_news erkannt und eine Fehlermeldung im Formular Kategorie angezeigt (sieh Abbildung). Um die Endlosschleife zu unterbrechen, sollte es ausreichen, das Feld &quot;übergeordnete Kategorie&quot; des aktuellen Kategoriedatensatzes zu löschen. Nach Speichern des Datensatzes sollte die Fehlermeldung dann nicht mehr angezeigt werden.

Die Höhe des Kategoriebaumes lässt sich im Erweiterungs-Manager festlegen.</label>
			<label index="parent_category.image_descr">Fehlermeldung für den Fall, dass die aktuelle Kategorie Teil einer Schleife rekursiver Kategorien sein sollte.</label>
			<label index="hidden.description">Diese Option kann verwendet werden, um diese Kategorie und alle ihr zugeordneten Einträge temporär zu verbergen.</label>
			<label index="hidden.details">Diese Option ist beim Bearbeiten eines neuen Eintrags hilfreich. Ist sie aktiviert, wird der Eintrag nicht angezeigt, es sei denn, man ist als Backend-Benutzer angemeldet und aktiviert die Option Vorschau&gt;Verborgene Datensätze anzeigen im Admin-Panel.</label>
			<label index="starttime.description">Gibt das Datum an, ab dem die Kategorie und die ihr zugeordneten Einträge sichtbar sind. Auf diese Weise lassen sich Nachrichten einer bestimmten Kategorie an einem bestimmten Datum &quot;veröffentlichen&quot;. Ist für Start kein Wert eingetragen, wird die Kategorie sofort sichtbar (sofern sie nicht anderweitig verborgen wurde).</label>
			<label index="starttime.syntax">Das Format lautet TT-MM-JJJJ. Der Wert kann auch auf andere Weise angegeben werden und wird sofort ausgewertet.
Wird z.B. ein &quot;d&quot; eingetragen, so wird das aktuelle Datum eingefügt. Zudem können beliebige Werte hinzuaddiert werden. &quot;+10&quot; ergibt z.B. 10 Tage nach dem angegebenen Datum. Damit würde beispielsweise &quot;d+10&quot; das Datum in 10 Tagen von heute an auswählen.</label>
			<label index="endtime.description">Gibt das Datum an, bis zu dem die Kategorie und die ihr zugewiesenen Einträge sichtbar sind.</label>
			<label index="endtime.syntax">Siehe tt_news_cat / Start (unten klicken).</label>
			<label index="fe_group.description">Mit dieser Option können die Kategorie und alle ihr zugeordneten Einträge vor Benutzern verborgen werden, die nicht Mitglied der hier ausgewählten Web-Site-Benutzergruppe (fe_groups) sind.</label>
			<label index="fe_group.details">Ist unter &quot;Zugriff&quot; ein Benutzergruppenname festgelegt, so können nur angemeldete Web-Site-Benutzer, die Mitglied dieser Gruppe sind, Einträge lesen, die dieser Kategorie zugewiesen wurden. Die besondere Option &quot;Nach Anmeldung verstecken&quot; bedeutet, dass Einträge dieser Kategorie &lt;em&gt;nicht&lt;/em&gt; für angemeldete Benutzer sichtbar ist. Entsprechend sorgt &quot;Anzeigen, wenn angemeldet&quot; dafür, dass Einträge dieser Kategorie für alle im Frontend angemeldeten Benutzer sichtbar ist.</label>
			<label index="image.description">Statt des Kategorietitels (oder zusätzlich dazu) kann ein Bild angezeigt werden.</label>
			<label index="image.details">Für jede Kategorie kann ein Bild hochgeladen oder zugewiesen werden, welches dann z.B. statt des Kategorietitels angezeigt wird. Das Verhalten bezüglich Kategorietiteln und -bildern lässt sich über den Reiter &quot;Kategorieeinstellungen&quot; des Inhaltselements konfigurieren.

Die Kategorietitel und -bilder können als Verweis auf eine Seite oder als &quot;Kategoriewähler&quot; fungieren, d.h., dass der Inhalt der Nachrichtenliste nach Kategorie gefiltert wird. Die Filterung nach Kategorien arbeitet rekursiv mit Unterkategorien.</label>
			<label index="shortcut.description">Eine interne Seite, mit der die Kategorietitel und/oder -Bilder verlinkt sind.</label>
			<label index="shortcut.details">Kategorietitel und -bilder können auch als Verweis auf eine interne Seite fungieren. Ist diese Option aktiviert und wurde eine sichtbare Seite als Verweis festgelegt, zeigt der Link des Kategorietitels oder -bildes auf diese Seite.</label>
			<label index="shortcut_target.description">Ziel für den Kategorieverweis</label>
			<label index="shortcut_target.details">Über das Feld &quot;Ziel für ...&quot; kann ein Ziel für den Kategorieverweis festgelegt werden (dieser Wert übersteuert die globale Einstellung für Link-Ziele der Web-Site).</label>
			<label index="single_pid.description">Die hier festgelegte Seite übersteuert die global konfigurierte &quot;singlePid&quot;.</label>
			<label index="single_pid.details">Das Feld &quot;Seite mit Einzelansicht für die Kategorie&quot; ermöglicht es, für jede Kategorie eine spezifische Seite mit einer Einzelansicht festzulegen. Soll diese Funktion eingesetzt werden, muss in der TypoScript-Konfiguration &quot;useSPidFromCategory = 1&quot; gesetzt werden.
Ist ein Eintrag mehr als einer Kategorie zugewiesen, wird der Wert für SinglePid der ersten zugewiesenen Kategorie entnommen.</label>
			<label index="description.description">Gibt eine Beschreibung der aktuellen Kategorie an, die im Kategoriebaum als Kurzinfo angezeigt wird.</label>
			<label index="description.details">Bei längeren Beschreibungen (&gt; 70 Zeichen) zeigen Firefox und Mozilla die Kurzinfo nicht korrekt an.

Lösung:
Es gibt Firefox-Erweiterungen, die dieses Problem beheben, z.B. &quot;Popup Alt Attribute&quot;.</label>
		</languageKey>
	</data>
	<orig_hash type="array">
		<languageKey index="de" type="array">
			<label index=".description" type="integer">157870280</label>
			<label index="title.description" type="integer">266611085</label>
			<label index="parent_category.description" type="integer">156085422</label>
			<label index="parent_category.image_descr" type="integer">70014790</label>
			<label index="hidden.description" type="integer">183184707</label>
			<label index="endtime.syntax" type="integer">131110551</label>
			<label index="shortcut_target.description" type="integer">110099690</label>
			<label index="single_pid.description" type="integer">144853978</label>
			<label index="title.details" type="integer">244788100</label>
			<label index="title_lang_ol.description" type="integer">97624453</label>
			<label index="shortcut.description" type="integer">177455732</label>
			<label index="title_lang_ol.details" type="integer">214479957</label>
			<label index="title_lang_ol.image_descr" type="integer">246945865</label>
			<label index="parent_category.details" type="integer">173118815</label>
			<label index="hidden.details" type="integer">223516146</label>
			<label index="starttime.description" type="integer">24253135</label>
			<label index="starttime.syntax" type="integer">141141936</label>
			<label index="endtime.description" type="integer">2001333</label>
			<label index="fe_group.description" type="integer">101943889</label>
			<label index="fe_group.details" type="integer">12024309</label>
			<label index="image.description" type="integer">259887125</label>
			<label index="image.details" type="integer">88972951</label>
			<label index="shortcut.details" type="integer">235767635</label>
			<label index="shortcut_target.details" type="integer">62054161</label>
			<label index="single_pid.details" type="integer">85734700</label>
			<label index="description.description" type="integer">229227382</label>
			<label index="description.details" type="integer">188796137</label>
		</languageKey>
	</orig_hash>
	<orig_text type="array">
		<languageKey index="de" type="array">
			<label index=".description">tt_news categories.</label>
			<label index="title.description">The category title for the default language. The title can act as shortcut to a certain page or as category selector (configured by &quot;categoryMode&quot;).</label>
			<label index="parent_category.description">Make the current category to a subcategory of the category in this field.</label>
			<label index="parent_category.image_descr">Error message when the current category is part of a loop of recursive categories.</label>
			<label index="hidden.description">Use this to temporarily exclude this tt_news category from display and all news which are member of this category.</label>
			<label index="endtime.syntax">See tt_news_cat / Start (click below).</label>
			<label index="shortcut_target.description">Target for news category shortcut.</label>
			<label index="single_pid.description">The page which is defined here overrides the globally configured &quot;singlePid&quot;.</label>
			<label index="title.details">The display of the category title on the website is configured in the tt_news content element (sheet: category settings) or by TypoScript (&quot;categoryMode&quot;). The titles for additional website languages are inserted in the field &quot;title language overlays&quot;.

The category titles/images can act as shortcut to a page or as &quot;category selector&quot; which means: the contents of a news-list ist filtered by category. Filtering by category works recursive for subcategories.</label>
			<label index="title_lang_ol.description">In the field &quot;title language overlays&quot; you can define category titles for other website languages.</label>
			<label index="shortcut.description">An internal page where the category titles and/or images are linked to.</label>
			<label index="title_lang_ol.details">If you have more than one additional website language, you can split the titles with the &quot;|&quot; character.

&lt;strong&gt;Example:&lt;/strong&gt;
if you have a website with 3 languages (en,de,fr) it's required to write the category title for the default language in the field &quot;title&quot;. The titles for german an french are written to the field &quot;title language overlays&quot; like shown in the image below.</label>
			<label index="title_lang_ol.image_descr">the order of the overlay titles has to be the same as the order of your system languages.
In this example: en=0, german=1, french=2 </label>
			<label index="parent_category.details">In the field &quot;Parent category&quot; you can define the current category as a subcategory of the category which is selected in this field. That will include the current category and the newsitems which have this category assigned when the parent category is selected. This works recursive.
A new parent category for the current category can also be created directly with the &quot;add&quot; wizard (the plus button).
Some categories in the tree are printed in grey and are not selectable: the current category is never selectable, additionally it is possible to define a list of categories that are allowed for a certain BackEnd user group in the TSconfig of this group (f.e.: tt_newsPerms.tt_news_cat.allowedItems = 7,8,9). All categories that are not in this list will not be selectable for members of this group.

&lt;strong&gt;Recursive categories:&lt;/strong&gt;
Sometimes it might happen that some nested categories build an endless loop. Recursive categories will not be shown in the category tree. If the current category is part of such a loop, tt_news detects this and shows an error message (see image) in the category form. To break the endless loop it should be sufficient to empty the field &quot;parent_category&quot; from the current category record. After saving the record the error message should disappear.

The height of the category tree can be configured in the extension manager.

</label>
			<label index="hidden.details">Setting this option is practical while editing a new tt_news db-record. When it is set, the newsitem will not be displayed unless you - if you're logged in as backend user - enable the Admin Panel&amp;gt;Preview&amp;gt;Show hidden records option.</label>
			<label index="starttime.description">The &quot;Start&quot; time determines the date from which the category an its news articles will be visible online. Use this to &quot;publish&quot; news articles from a certain category on a certain date. If &quot;Start&quot; time is not set, the category will be online instantly (unless it is hidden otherwise).</label>
			<label index="starttime.syntax">Format is DD-MM-YYYY. You may enter the value in other ways - it will be evaluated immediately.
If you insert eg. a &quot;d&quot; the current date is inserted. You can also append any value in the field with eg. &quot;+10&quot; which will add 10 days to the current value. For instance setting the value to &quot;d+10&quot; would select a date 10 days from now.</label>
			<label index="endtime.description">The &quot;Stop&quot; time is the date from which the category and the news which have this category assigned will not be online anymore.</label>
			<label index="fe_group.description">Use this to hide the tt_news category and all news which have this category assigned for users that are not member of the website usergroup (fe_groups) which is selected in this field.</label>
			<label index="fe_group.details">If &quot;Access&quot; is set to a usergroup name, only website users which are members of the selected usergroup will be able to view news with this category when they are logged in. The special option &quot;Hide at login&quot; means the news from this category will not be visible for website users that are logged in. Likewise &quot;Show at login&quot; will make those news visible for any logged in frontend user.</label>
			<label index="image.description">An image which can be shown instead of (or additionally to) the category title.</label>
			<label index="image.details">You can upload or assign an image for each news category which is shown f.e. instead of the category title. The behaviour of the category titles/images can be configured in the sheet &quot;Category settings&quot; in the news content element.

The category titles/images can act as shortcut to a page or as &quot;category selector&quot; which means: the contents of a news-list ist filtered by category. Filtering by category works recursive for subcategories.</label>
			<label index="shortcut.details">Category titles or images can also act as shortcut to an internal page. If this is enabled and a visible page is defined as shortcut, the link from the category title or image points to this page.</label>
			<label index="shortcut_target.details">With the field &quot;Target for ...&quot; you can configure a target for the category shortcut (this setting will have priority over a global setting for link targets in your website).</label>
			<label index="single_pid.details">The field &quot;Single-view page for news from this category&quot; gives you the possibility to define a single-view page for each category. If you want to use this feature it is required to add &quot;useSPidFromCategory = 1&quot; to the TypoScript setup.
If a news-record has 2 or more categories assigned the SinglePid will be taken from the first category which is assigned to the news record.</label>
			<label index="description.description">Here you can enter a description for the current category which will be shown as tooltip in the category tree.</label>
			<label index="description.details">If you have long description texts (&gt;70 chars) Firefox and Mozilla will not display the tooltips correctly.
		Solution:
		There are some Firefox extensions which correct this problem. I tried &quot;Popup Alt Attribute&quot; which works flawless for me.</label>
		</languageKey>
	</orig_text>
</T3locallangExt>