<?xml version="1.0" encoding="utf-8" standalone="yes" ?>
<T3locallangExt>
	<data type="array">
		<languageKey index="de" type="array">
			<label index=".alttitle">Nachrichten</label>
			<label index=".description">Beschreibung Nachrichten</label>
			<label index=".image_descr">Beschreibung Bilder</label>
		</languageKey>
	</data>
	<orig_hash type="array">
		<languageKey index="de" type="array">
			<label index=".alttitle" type="integer">231848472</label>
			<label index=".description" type="integer">70563294</label>
			<label index=".image_descr" type="integer">119627497</label>
		</languageKey>
	</orig_hash>
	<orig_text type="array">
		<languageKey index="de" type="array">
			<label index=".alttitle">News</label>
			<label index=".description"> news description</label>
			<label index=".image_descr"> </label>
		</languageKey>
	</orig_text>
</T3locallangExt>