<?xml version="1.0" encoding="utf-8" standalone="yes" ?>
<T3locallangExt>
	<data type="array">
		<languageKey index="de" type="array">
			<label index="pi1_flexform.sheet_selection">Auswahl</label>
			<label index="pi1_flexform.single_records">Einzelne Adressen</label>
			<label index="pi1_flexform.group_selection">Gruppen</label>
			<label index="pi1_flexform.combination">Kombination</label>
			<label index="pi1_flexform.combination.and">UND</label>
			<label index="pi1_flexform.combination.or">ODER</label>
			<label index="pi1_flexform.sortBy">Sortieren nach</label>
			<label index="pi1_flexform.sortOrder">Reihenfolge</label>
			<label index="pi1_flexform.sortOrder.ascending">Ansteigend</label>
			<label index="pi1_flexform.sortOrder.descending">Absteigend</label>
			<label index="pi1_flexform.sheet_display">Darstellung</label>
			<label index="pi1_flexform.templateFile">Vorlage</label>
			<label index="pi1_flexform.templateFile.I.0">Standard</label>
		</languageKey>
	</data>
	<orig_hash type="array">
		<languageKey index="de" type="array">
			<label index="pi1_title" type="integer">99051664</label>
			<label index="pi1_plus_wiz_description" type="integer">163638810</label>
			<label index="pi1_flexform.sheet_selection" type="integer">117415376</label>
			<label index="pi1_flexform.single_records" type="integer">222625062</label>
			<label index="pi1_flexform.group_selection" type="integer">171437538</label>
			<label index="pi1_flexform.combination" type="integer">75155747</label>
			<label index="pi1_flexform.combination.and" type="integer">89718728</label>
			<label index="pi1_flexform.combination.or" type="integer">30412413</label>
			<label index="pi1_flexform.sheet_display" type="integer">194611106</label>
			<label index="pi1_flexform.templateFile" type="integer">41469073</label>
			<label index="pi1_flexform.templateFile.I.0" type="integer">128029197</label>
			<label index="pi1_flexform.sortBy" type="integer">5874090</label>
			<label index="pi1_flexform.sortOrder" type="integer">203476111</label>
			<label index="pi1_flexform.sortOrder.ascending" type="integer">217316127</label>
			<label index="pi1_flexform.sortOrder.descending" type="integer">238876076</label>
		</languageKey>
	</orig_hash>
	<orig_text type="array">
		<languageKey index="de" type="array">
			<label index="pi1_flexform.sheet_selection">Selection</label>
			<label index="pi1_flexform.single_records">Single addresses</label>
			<label index="pi1_flexform.group_selection">Groups</label>
			<label index="pi1_flexform.combination">Combination</label>
			<label index="pi1_flexform.combination.and">AND</label>
			<label index="pi1_flexform.combination.or">OR</label>
			<label index="pi1_flexform.sortBy">Sort By</label>
			<label index="pi1_flexform.sortOrder">Sort Order</label>
			<label index="pi1_flexform.sortOrder.ascending">Ascending</label>
			<label index="pi1_flexform.sortOrder.descending">Descending</label>
			<label index="pi1_flexform.sheet_display">Display</label>
			<label index="pi1_flexform.templateFile">Template</label>
			<label index="pi1_flexform.templateFile.I.0">Default</label>
		</languageKey>
	</orig_text>
</T3locallangExt>