<?xml version="1.0" encoding="utf-8" standalone="yes" ?>
<T3locallangExt>
	<data type="array">
		<languageKey index="de" type="array">
			<label index="pi1_title">Sprachauswahl</label>
			<label index="pi1_plus_wiz_description">Fügt eine Sprachauswahlliste hinzu.</label>
		</languageKey>
	</data>
	<orig_hash type="array">
		<languageKey index="de" type="array">
			<label index="pi1_title" type="integer">169324978</label>
			<label index="pi1_plus_wiz_description" type="integer">44526007</label>
		</languageKey>
	</orig_hash>
	<orig_text type="array">
		<languageKey index="de" type="array">
			<label index="pi1_title">Language Selection</label>
			<label index="pi1_plus_wiz_description">Adds a selection list of languages.</label>
		</languageKey>
	</orig_text>
</T3locallangExt>