<?xml version="1.0" encoding="utf-8" standalone="yes" ?>
<T3locallangExt>
	<data type="array">
		<languageKey index="de" type="array">
			<label index="tt_content.tx_srlanguagemenu_languages">Sprachen zur Auswahl:</label>
			<label index="tt_content.tx_srlanguagemenu_type.I.0">Fahnen</label>
			<label index="tt_content.tx_srlanguagemenu_type.I.1">Auswahlfeld</label>
			<label index="tt_content.tx_srlanguagemenu_type.I.2">Links</label>
			<label index="tt_content.tx_srlanguagemenu_type">Aussehen</label>
			<label index="tt_content.CType">Sprachauswahl</label>
		</languageKey>
	</data>
	<orig_hash type="array">
		<languageKey index="de" type="array">
			<label index="tt_content.tx_srlanguagemenu_languages" type="integer">115653434</label>
			<label index="tt_content.tx_srlanguagemenu_type.I.0" type="integer">82475009</label>
			<label index="tt_content.tx_srlanguagemenu_type.I.1" type="integer">160992294</label>
			<label index="tt_content.tx_srlanguagemenu_type.I.2" type="integer">198772955</label>
			<label index="tt_content.tx_srlanguagemenu_type" type="integer">209576476</label>
			<label index="tt_content.CType" type="integer">169324978</label>
		</languageKey>
	</orig_hash>
	<orig_text type="array">
		<languageKey index="de" type="array">
			<label index="tt_content.tx_srlanguagemenu_languages">Languages to select from:</label>
			<label index="tt_content.tx_srlanguagemenu_type.I.0">Flags</label>
			<label index="tt_content.tx_srlanguagemenu_type.I.1">Dropdown list</label>
			<label index="tt_content.tx_srlanguagemenu_type.I.2">Links</label>
			<label index="tt_content.tx_srlanguagemenu_type">Type of layout</label>
			<label index="tt_content.CType">Language Selection</label>
		</languageKey>
	</orig_text>
</T3locallangExt>