<?xml version="1.0" encoding="utf-8" standalone="yes" ?>
<T3locallangExt>
	<data type="array">
		<languageKey index="de" type="array">
			<label index="select_language">Sprache wählen</label>
			<label index="form_fieldset_legend">Sprache wählen</label>
			<label index="form_select_label">Sprache wählen</label>
		</languageKey>
	</data>
	<orig_hash type="array">
		<languageKey index="de" type="array">
			<label index="select_language" type="integer">200310491</label>
			<label index="form_fieldset_legend" type="integer">200310491</label>
			<label index="form_select_label" type="integer">200310491</label>
		</languageKey>
	</orig_hash>
	<orig_text type="array">
		<languageKey index="de" type="array">
			<label index="select_language">Choose a language</label>
			<label index="form_fieldset_legend">Choose a language</label>
			<label index="form_select_label">Choose a language</label>
		</languageKey>
	</orig_text>
</T3locallangExt>