<?xml version="1.0" encoding="utf-8" standalone="yes" ?>
<T3locallangExt>
	<data type="array">
		<languageKey index="de" type="array">
			<label index="fe_user_register">Frontend-Benutzerregistrierung</label>
			<label index="m_default">Standard</label>
			<label index="m_ext">Erweitert</label>
			<label index="m_country">Land</label>
			<label index="m_other">Andere</label>
		</languageKey>
	</data>
	<orig_hash type="array">
		<languageKey index="de" type="array">
			<label index="fe_user_register" type="integer">14401605</label>
			<label index="m_default" type="integer">203553129</label>
			<label index="m_ext" type="integer">222197987</label>
			<label index="m_country" type="integer">244358189</label>
			<label index="m_other" type="integer">127267616</label>
		</languageKey>
	</orig_hash>
	<orig_text type="array">
		<languageKey index="de" type="array">
			<label index="fe_user_register">Front End User Registration</label>
			<label index="m_default">default</label>
			<label index="m_ext">extended</label>
			<label index="m_country">country</label>
			<label index="m_other">other</label>
		</languageKey>
	</orig_text>
</T3locallangExt>