<?xml version="1.0" encoding="utf-8" standalone="yes" ?>
<T3locallangExt>
	<data type="array">
		<languageKey index="de" type="array">
			<label index="tt_content.list_type">Frontend-Benutzerregistrierung</label>
			<label index="tt_content.pi1_flexform.display_mode">Anzeigemodus</label>
			<label index="tt_content.pi1_flexform.display_mode.1">Standard</label>
			<label index="tt_content.pi1_flexform.display_mode.3">Anlegen</label>
			<label index="tt_content.pi1_flexform.display_mode.4">Löschen</label>
			<label index="tt_content.pi1_flexform.display_mode.5">Einladen</label>
			<label index="tt_content.pi1_flexform.display_mode.7">Bearbeiten</label>
			<label index="tt_content.pi1_flexform.display_mode.8">Parameter-Kommando</label>
			<label index="tt_content.pi1_flexform.display_mode.9">E-Mail-Benachrichtigung</label>
			<label index="fe_users.cnum">Kundennummer:</label>
			<label index="fe_users.static_info_country">Ländercode:</label>
			<label index="fe_users.zone">Bundesland/Staat/Provinz:</label>
			<label index="fe_users.language">Sprache:</label>
			<label index="fe_users.first_name">Vorname:</label>
			<label index="fe_users.last_name">Nachname:</label>
			<label index="fe_users.module_sys_dmail_html">E-Mails im HTML-Format erhalten?</label>
			<label index="fe_users.date_of_birth">Geburtsdatum:</label>
			<label index="fe_users.gender">Hr./Fr.:</label>
			<label index="fe_users.gender.I.0">Hr.</label>
			<label index="fe_users.gender.I.1">Fr.</label>
			<label index="fe_users.status">Status:</label>
			<label index="fe_users.status.I.1">Student</label>
			<label index="fe_users.status.I.2">Schüler</label>
			<label index="fe_users.status.I.3">Angestellt</label>
			<label index="fe_users.status.I.4">Selbstständig</label>
			<label index="fe_users.status.I.5">halbtags beschäftigt</label>
			<label index="fe_users.comments">Kommentare:</label>
			<label index="fe_users.by_invitation">Wurde eingeladen:</label>
			<label index="fe_groups_language_overlay">Alternative Sprache Benutzergruppe</label>
			<label index="fe_groups_language_overlay.title">Übersetzter Name Benutzergruppe</label>
			<label index="fe_users.status.I.6">Rentner</label>
		</languageKey>
	</data>
	<orig_hash type="array">
		<languageKey index="de" type="array">
			<label index="tt_content.list_type" type="integer">14401605</label>
			<label index="tt_content.pi1_flexform.display_mode" type="integer">194991965</label>
			<label index="tt_content.pi1_flexform.display_mode.1" type="integer">128029197</label>
			<label index="tt_content.pi1_flexform.display_mode.3" type="integer">109504151</label>
			<label index="tt_content.pi1_flexform.display_mode.5" type="integer">208273649</label>
			<label index="tt_content.pi1_flexform.display_mode.7" type="integer">131916066</label>
			<label index="fe_users.static_info_country" type="integer">196592997</label>
			<label index="fe_users.zone" type="integer">267945122</label>
			<label index="fe_users.language" type="integer">8937228</label>
			<label index="fe_users.first_name" type="integer">157468741</label>
			<label index="fe_users.last_name" type="integer">175554559</label>
			<label index="fe_users.module_sys_dmail_html" type="integer">145486207</label>
			<label index="fe_users.date_of_birth" type="integer">2570779</label>
			<label index="fe_users.gender" type="integer">77839383</label>
			<label index="fe_users.gender.I.0" type="integer">46773681</label>
			<label index="fe_users.gender.I.1" type="integer">126783146</label>
			<label index="fe_users.status" type="integer">38413271</label>
			<label index="fe_users.status.I.1" type="integer">257690140</label>
			<label index="fe_users.status.I.2" type="integer">169005468</label>
			<label index="fe_users.status.I.3" type="integer">136964828</label>
			<label index="fe_users.status.I.4" type="integer">219192007</label>
			<label index="fe_users.comments" type="integer">202678474</label>
			<label index="tt_content.pi1_flexform.display_mode.4" type="integer">254438473</label>
			<label index="tt_content.pi1_flexform.display_mode.8" type="integer">254787218</label>
			<label index="tt_content.pi1_flexform.display_mode.9" type="integer">246164655</label>
			<label index="fe_users.status.I.5" type="integer">193710378</label>
			<label index="fe_users.by_invitation" type="integer">200036550</label>
			<label index="fe_groups_language_overlay" type="integer">22611322</label>
			<label index="fe_groups_language_overlay.title" type="integer">218522203</label>
			<label index="fe_users.cnum" type="integer">175652789</label>
		</languageKey>
	</orig_hash>
	<orig_text type="array">
		<languageKey index="de" type="array">
			<label index="tt_content.list_type">Front End User Registration</label>
			<label index="tt_content.pi1_flexform.display_mode">Display mode</label>
			<label index="tt_content.pi1_flexform.display_mode.1">Default</label>
			<label index="tt_content.pi1_flexform.display_mode.3">Create</label>
			<label index="tt_content.pi1_flexform.display_mode.4">Delete</label>
			<label index="tt_content.pi1_flexform.display_mode.5">Invite</label>
			<label index="tt_content.pi1_flexform.display_mode.7">Edit</label>
			<label index="tt_content.pi1_flexform.display_mode.8">Setfixed</label>
			<label index="tt_content.pi1_flexform.display_mode.9">Infomail</label>
			<label index="fe_users.static_info_country">Country Code:</label>
			<label index="fe_users.zone">State/province:</label>
			<label index="fe_users.language">Language:</label>
			<label index="fe_users.first_name">First Name:</label>
			<label index="fe_users.last_name">Last Name:</label>
			<label index="fe_users.module_sys_dmail_html">Receive emails in HTML format?</label>
			<label index="fe_users.date_of_birth">Date of birth:</label>
			<label index="fe_users.gender">Mr/Ms:</label>
			<label index="fe_users.gender.I.0">Mr</label>
			<label index="fe_users.gender.I.1">Ms</label>
			<label index="fe_users.status">Status:</label>
			<label index="fe_users.status.I.1">Student</label>
			<label index="fe_users.status.I.2">Job seeking full time</label>
			<label index="fe_users.status.I.3">Working</label>
			<label index="fe_users.status.I.4">Retired</label>
			<label index="fe_users.status.I.5">Job seeking half time</label>
			<label index="fe_users.comments">Comments:</label>
			<label index="fe_users.by_invitation">Was invited:</label>
			<label index="fe_groups_language_overlay">User Group Alternative Language</label>
			<label index="fe_groups_language_overlay.title">Translated user group name</label>
			<label index="fe_users.cnum">Customer Number:</label>
		</languageKey>
	</orig_text>
</T3locallangExt>