<?xml version="1.0" encoding="utf-8" standalone="yes" ?>
<T3locallangExt>
	<data type="array">
		<languageKey index="de" type="array">
			<label index="moduleFunction.tx_ttnews_modfunc1">tt_news Kategorie-Manager</label>
			<label index="title">Nachrichtenkategorie-Manager</label>
			<label index="moveCategoryinto">Kategorie verschieben in</label>
			<label index="copyCategoryinto">Kategorie kopieren in</label>
			<label index="copyCategoryafter">Kategorie kopieren hinter</label>
			<label index="edit">Datensatz bearbeiten</label>
			<label index="showInfo">Information anzeigen</label>
			<label index="unHide">Datensatz sichtbar machen</label>
			<label index="hide">Datensatz verbergen</label>
			<label index="deleteWarning">Diesen Datensatz tatsächlich löschen?</label>
			<label index="delete">Datensatz löschen (!)</label>
		</languageKey>
	</data>
	<orig_hash type="array">
		<languageKey index="de" type="array">
			<label index="moduleFunction.tx_ttnews_modfunc1" type="integer">141629002</label>
			<label index="title" type="integer">247215777</label>
			<label index="moveCategoryinto" type="integer">26137556</label>
			<label index="copyCategoryinto" type="integer">174822379</label>
			<label index="copyCategoryafter" type="integer">142635098</label>
			<label index="edit" type="integer">148343509</label>
			<label index="showInfo" type="integer">123490643</label>
			<label index="unHide" type="integer">252474335</label>
			<label index="hide" type="integer">64415334</label>
			<label index="deleteWarning" type="integer">75838368</label>
			<label index="delete" type="integer">257712260</label>
		</languageKey>
	</orig_hash>
	<orig_text type="array">
		<languageKey index="de" type="array">
			<label index="moduleFunction.tx_ttnews_modfunc1">tt_news category manager</label>
			<label index="title">News category manager</label>
			<label index="moveCategoryinto">move category into</label>
			<label index="copyCategoryinto">copy category into</label>
			<label index="copyCategoryafter">copy category after</label>
			<label index="edit">Edit record</label>
			<label index="showInfo">Show information</label>
			<label index="unHide">Unhide Record</label>
			<label index="hide">Hide Record</label>
			<label index="deleteWarning">Are you sure you want to delete this record?</label>
			<label index="delete">Delete record (!)</label>
		</languageKey>
	</orig_text>
</T3locallangExt>