<?xml version="1.0" encoding="utf-8" standalone="yes" ?>
<T3locallangExt>
	<data type="array">
		<languageKey index="de" type="array">
			<label index="latestHeader">Aktuelles:</label>
			<label index="textCatLatest">Rub:</label>
			<label index="textCat">Kategorie:</label>
			<label index="textNewsAge">Alter:</label>
			<label index="more">[mehr]</label>
			<label index="preAuthor">Von:</label>
			<label index="backToList">&lt;- Zurück zu: %s</label>
			<label index="goToArchive">zum Archiv -&gt;</label>
			<label index="archiveHeader">Archiv</label>
			<label index="archiveItems">Einträge</label>
			<label index="archiveEmptyMsg">Leider keine Einträge im Archiv vorhanden.</label>
			<label index="noResultsMsg">Keine Ergebnisse</label>
			<label index="searchEmptyMsg">Bitte geben Sie einen Suchbegriff ein.</label>
			<label index="noNewsToListMsg">Keine Nachrichten in dieser Ansicht.</label>
			<label index="versionPreviewMessage">Versionsvorschau!</label>
			<label index="versionPreviewMessageLinkToOriginal">(Klicken Sie hier, um die öffentliche Version dieses Eintrags zu sehen)</label>
			<label index="nonPlublicVersionMsg">Fehler! Sie haben eine nicht-öffentliche Version eines Eintrags aufgerufen.</label>
			<label index="noNewsIdMsg">Keine news_id übergeben.</label>
			<label index="noTranslMsg">Leider gibt es für diesen Eintrag keine Übersetzung.</label>
			<label index="noNewsForArchPeriod">Leider gibt es für diesen Archivzeitraum keine übersetzten Einträge.</label>
			<label index="textRelated">In Verbindung stehende Nachrichten:</label>
			<label index="textLinks">Links:</label>
			<label index="textFiles">Dateien:</label>
			<label index="textRelatedByCategory">Weitere Nachrichten in dieser Kategorie:</label>
			<label index="pi_list_browseresults_prev">&lt; vorherige</label>
			<label index="pi_list_browseresults_page">Seite</label>
			<label index="pi_list_browseresults_next">nächste &gt;</label>
			<label index="pi_list_browseresults_first">&lt;&lt; erste</label>
			<label index="pi_list_browseresults_last">letzte &gt;&gt;</label>
			<label index="pi_list_browseresults_displays">Treffer ###SPAN_BEGIN###%s bis %s&lt;/span&gt; von ###SPAN_BEGIN###%s&lt;/span&gt;</label>
			<label index="pi_list_browseresults_displays_advanced">Treffer ###FROM### bis ###TO### von ###OUT_OF###</label>
			<label index="pi_list_browseresults_to">bis</label>
			<label index="searchButtonLabel">Suchen</label>
			<label index="altTextCatSelector">Nur diese Kategorie anzeigen:</label>
			<label index="altTextCatShortcut">Gehe zu:</label>
			<label index="catmenuHeader">Kategorieauswahl:</label>
		</languageKey>
	</data>
	<orig_hash type="array">
		<languageKey index="de" type="array">
			<label index="latestHeader" type="integer">131879361</label>
			<label index="textCatLatest" type="integer">139144993</label>
			<label index="textCat" type="integer">90868382</label>
			<label index="textNewsAge" type="integer">38941977</label>
			<label index="more" type="integer">185882405</label>
			<label index="preAuthor" type="integer">150297700</label>
			<label index="backToList" type="integer">94203432</label>
			<label index="goToArchive" type="integer">128701237</label>
			<label index="archiveHeader" type="integer">230880370</label>
			<label index="archiveItems" type="integer">110220546</label>
			<label index="archiveEmptyMsg" type="integer">153194111</label>
			<label index="noResultsMsg" type="integer">238911929</label>
			<label index="searchEmptyMsg" type="integer">50263115</label>
			<label index="noNewsToListMsg" type="integer">207723737</label>
			<label index="textRelated" type="integer">77990475</label>
			<label index="textLinks" type="integer">167557397</label>
			<label index="textFiles" type="integer">147226768</label>
			<label index="pi_list_browseresults_prev" type="integer">20121992</label>
			<label index="pi_list_browseresults_page" type="integer">26464201</label>
			<label index="pi_list_browseresults_next" type="integer">232350798</label>
			<label index="noNewsIdMsg" type="integer">119707058</label>
			<label index="searchButtonLabel" type="integer">20138052</label>
			<label index="altTextCatSelector" type="integer">3573342</label>
			<label index="altTextCatShortcut" type="integer">254367533</label>
			<label index="versionPreviewMessage" type="integer">150202481</label>
			<label index="versionPreviewMessageLinkToOriginal" type="integer">264551390</label>
			<label index="nonPlublicVersionMsg" type="integer">132806514</label>
			<label index="noTranslMsg" type="integer">218972020</label>
			<label index="noNewsForArchPeriod" type="integer">155038832</label>
			<label index="textRelatedByCategory" type="integer">183773946</label>
			<label index="pi_list_browseresults_first" type="integer">31753173</label>
			<label index="pi_list_browseresults_last" type="integer">14950014</label>
			<label index="pi_list_browseresults_displays" type="integer">152851483</label>
			<label index="pi_list_browseresults_displays_advanced" type="integer">3894331</label>
			<label index="pi_list_browseresults_to" type="integer">1797664</label>
			<label index="catmenuHeader" type="integer">105811375</label>
		</languageKey>
	</orig_hash>
	<orig_text type="array">
		<languageKey index="de" type="array">
			<label index="latestHeader">Breaking News:</label>
			<label index="textCatLatest">Cat:</label>
			<label index="textCat">Category:</label>
			<label index="textNewsAge">Age:</label>
			<label index="more">[more]</label>
			<label index="preAuthor">By:</label>
			<label index="backToList">&lt;- Back to: %s</label>
			<label index="goToArchive">go to Archive -&gt;</label>
			<label index="archiveHeader">ARCHIVE:</label>
			<label index="archiveItems">items</label>
			<label index="archiveEmptyMsg">Sorry, Archive contains no items</label>
			<label index="noResultsMsg">nothing found</label>
			<label index="searchEmptyMsg">Please enter a searchword.</label>
			<label index="noNewsToListMsg">no news in this list.</label>
			<label index="noNewsIdMsg">no news_id given</label>
			<label index="textRelated">Related News:</label>
			<label index="textLinks">Links:</label>
			<label index="textFiles">Files:</label>
			<label index="pi_list_browseresults_prev">&lt; Previous</label>
			<label index="pi_list_browseresults_page">Page</label>
			<label index="pi_list_browseresults_next">Next &gt;</label>
			<label index="searchButtonLabel">Search</label>
			<label index="altTextCatSelector">Display only category:</label>
			<label index="altTextCatShortcut">Go to:</label>
			<label index="versionPreviewMessage">Version preview !</label>
			<label index="versionPreviewMessageLinkToOriginal">(click here to see the public version of this record)</label>
			<label index="nonPlublicVersionMsg">Error! You requested a non-public version of a tt_news article.</label>
			<label index="noTranslMsg">Sorry, there is no translation for this news-article.</label>
			<label index="noNewsForArchPeriod">Sorry, there are no translated news-articles in this Archive period.</label>
			<label index="textRelatedByCategory">Other news from this category:</label>
			<label index="pi_list_browseresults_first">&lt;&lt; First</label>
			<label index="pi_list_browseresults_last">Last &gt;&gt;</label>
			<label index="pi_list_browseresults_displays">Displaying results ###SPAN_BEGIN###%s to %s&lt;/span&gt; out of ###SPAN_BEGIN###%s&lt;/span&gt;</label>
			<label index="pi_list_browseresults_displays_advanced">Displaying results ###FROM### to ###TO### out of ###OUT_OF###</label>
			<label index="pi_list_browseresults_to">to</label>
			<label index="catmenuHeader">Select a category:</label>
		</languageKey>
	</orig_text>
</T3locallangExt>