<?xml version="1.0" encoding="utf-8" standalone="yes" ?>
<T3locallangExt>
	<data type="array">
		<languageKey index="de" type="array">
			<label index="pi1_title">Adressen</label>
			<label index="pi1_plus_wiz_description">Zeigt eine oder mehrere Adressen an.</label>
		</languageKey>
	</data>
	<orig_hash type="array">
		<languageKey index="de" type="array">
			<label index="pi1_title" type="integer">42251387</label>
			<label index="pi1_plus_wiz_description" type="integer">163638810</label>
			<label index="pi1_flexform.sheet_selection" type="integer">117415376</label>
			<label index="pi1_flexform.single_records" type="integer">222625062</label>
			<label index="pi1_flexform.group_selection" type="integer">171437538</label>
			<label index="pi1_flexform.combination" type="integer">75155747</label>
			<label index="pi1_flexform.combination.and" type="integer">89718728</label>
			<label index="pi1_flexform.combination.or" type="integer">30412413</label>
			<label index="pi1_flexform.sheet_display" type="integer">194611106</label>
			<label index="pi1_flexform.templateFile" type="integer">41469073</label>
			<label index="pi1_flexform.templateFile.I.0" type="integer">128029197</label>
		</languageKey>
	</orig_hash>
	<orig_text type="array">
		<languageKey index="de" type="array">
			<label index="pi1_title">Addresses</label>
			<label index="pi1_plus_wiz_description">Displays one or more addresses.</label>
		</languageKey>
	</orig_text>
</T3locallangExt>