<?xml version="1.0" encoding="utf-8" standalone="yes" ?>
<T3locallangExt>
	<data type="array">
		<languageKey index="de" type="array">
			<label index=".description">Eingebaute Adressdatenbank</label>
			<label index=".details">Kann zum Aufbau von Adresslisten unter TYPO3 verwendet werden. Tatsächlich ist Standard-TypoScript-Quelltext vorhanden, mit dem jede in der Liste befindliche Person ihre Adressinformationen selbst online verwalten kann. Diese Tabelle wird zudem vom Direct-Mail-System standardmäßig zur Verwaltung der Abonnements von Newslettern verwendet.</label>
		</languageKey>
	</data>
	<orig_hash type="array">
		<languageKey index="de" type="array">
			<label index=".description" type="integer">44491534</label>
			<label index=".details" type="integer">69574195</label>
		</languageKey>
	</orig_hash>
	<orig_text type="array">
		<languageKey index="de" type="array">
			<label index=".description">Built-in address database.</label>
			<label index=".details">You may use it to build address lists in TYPO3. There are in fact default TypoScript code which allows you to implement a online administration of the address information by each person in the list himself. This table is also used by the Direct Mail system as the default subscription table for newsletters.</label>
		</languageKey>
	</orig_text>
</T3locallangExt>