<?xml version="1.0" encoding="utf-8" standalone="yes" ?>
<T3locallangExt>
	<data type="array">
		<languageKey index="de" type="array">
			<label index="tt_address">Adresse</label>
			<label index="tt_address.mobile">Mobil:</label>
			<label index="tt_address.gender">Geschlecht:</label>
			<label index="tt_address.gender.m">Männlich (Herr)</label>
			<label index="tt_address.gender.f">Weiblich (Frau)</label>
			<label index="tt_address.first_name">Vorname:</label>
			<label index="tt_address.middle_name">Zweiter Vorname:</label>
			<label index="tt_address.last_name">Nachname:</label>
			<label index="tt_address.birthday">Geburtstag:</label>
			<label index="tt_address.building">Gebäude:</label>
			<label index="tt_address.room">Raum:</label>
			<label index="tt_address.organization">Organisation:</label>
			<label index="tt_address.region">Region/Bundesland:</label>
			<label index="tt_address.addressgroup">Gruppe:</label>
			<label index="tt_address_group">Adressgruppe</label>
			<label index="tt_address_group.parent_group">Übergeordnete Gruppe:</label>
			<label index="pi_tt_address">Adressen</label>
		</languageKey>
	</data>
	<orig_hash type="array">
		<languageKey index="de" type="array">
			<label index="tt_address" type="integer">232242979</label>
			<label index="tt_address.mobile" type="integer">268218508</label>
			<label index="pi_tt_address" type="integer">42251387</label>
			<label index="tt_address.first_name" type="integer">157468741</label>
			<label index="tt_address.middle_name" type="integer">139025658</label>
			<label index="tt_address.last_name" type="integer">175554559</label>
			<label index="tt_address.organization" type="integer">119551324</label>
			<label index="tt_address.region" type="integer">189844068</label>
			<label index="tt_address.addressgroup" type="integer">27937892</label>
			<label index="tt_address_group" type="integer">204731027</label>
			<label index="tt_address_group.parent_group" type="integer">23055027</label>
			<label index="tt_address.gender" type="integer">212491130</label>
			<label index="tt_address.gender.m" type="integer">44111340</label>
			<label index="tt_address.gender.f" type="integer">165092740</label>
			<label index="tt_address.birthday" type="integer">60643679</label>
			<label index="tt_address.building" type="integer">139454258</label>
			<label index="tt_address.room" type="integer">121727316</label>
		</languageKey>
	</orig_hash>
	<orig_text type="array">
		<languageKey index="de" type="array">
			<label index="tt_address">Address</label>
			<label index="tt_address.mobile">Mobile:</label>
			<label index="tt_address.first_name">First Name:</label>
			<label index="tt_address.middle_name">Middle Name:</label>
			<label index="tt_address.last_name">Last Name:</label>
			<label index="tt_address.organization">Organization:</label>
			<label index="tt_address.region">Region/State:</label>
			<label index="tt_address.addressgroup">Group:</label>
			<label index="tt_address_group">Address Group</label>
			<label index="tt_address_group.parent_group">Parent Group:</label>
			<label index="pi_tt_address">Addresses</label>
			<label index="tt_address.gender">Gender:</label>
			<label index="tt_address.gender.m">Male (Mr)</label>
			<label index="tt_address.gender.f">Female (Mrs)</label>
			<label index="tt_address.birthday">Birthday:</label>
			<label index="tt_address.building">Building:</label>
			<label index="tt_address.room">Room:</label>
		</languageKey>
	</orig_text>
</T3locallangExt>